{
  "auc": 0.8403577659172444,
  "ap": 0.6602149811647903,
  "brier": 0.1690244648351914,
  "thr_j": 0.5936575321602305,
  "tpr_j": 0.732620320855615,
  "fpr_j": 0.20716360116166505,
  "cm_at_j": {
    "tn": 819,
    "fp": 214,
    "fn": 100,
    "tp": 274
  }
}